AD	最新网址 https://www.example.com 请收藏本站
AD	备用网址 www.book123.com 手机用户请访问
AD	关注公众号领取最新章节
AD	本书来自某某小说网，更多精彩请访问
AD	请牢记本站域名 example.net
AD	下载APP阅读最新章节
AD	求收藏 求推荐票 感谢投票
AD	最快更新无弹窗请访问本站
AD	微信公众号码：小说阅读
AD	加入书签，方便下次阅读
AD	搜索书名即可找到本站
AD	更多精彩内容请关注公众号
AD	最新網址 https://book.example.tw
AD	備用網址 www.example.hk
AD	請收藏本站，方便下次閱讀
AD	手機用戶請訪問本站
AD	關注公眾號獲取最新章節
AD	本書來自某某小說網
AD	請牢記網域 example.com
AD	下載APP閱讀完整內容
AD	求推薦票，感謝投票支持
AD	最快更新，無彈窗閱讀
AD	官方網站 www.novel.net
AD	subscribe and follow us at example.com
AD	download app for latest chapters
AD	official site https://novel.example
AD	广告：点击访问最新网址
AD	温馨提示：请记住本站备用网址
AD	章节内容未完，请进入官网继续阅读
AD	手机阅读请访问 m.example.com
AD	本章由某某小说网首发
AD	请收藏网址以免迷路
BODY	第一章 初入江湖
BODY	第十二章 风雨将至
BODY	第一百二十章 山河故人
BODY	Chapter 12 The Long Road
BODY	序章
BODY	楔子
BODY	番外一 春日
BODY	后记
BODY	大结局
BODY	她走到窗前，看见雨水顺着玻璃缓缓滑落。
BODY	他没有回答，只是把那封信重新折好。
BODY	夜色沉沉，远处的灯火像漂浮在海面上的星。
BODY	“你真的要去吗？”她问。
BODY	老人把书放回木架，轻声说道：“明天再来吧。”
BODY	山风吹过林梢，叶子发出沙沙的声响。
BODY	这是一本关于成长与选择的故事。
BODY	她下载APP的课程作业只是课堂练习。
BODY	本书来自祖父留下的木箱，这是他最珍惜的遗物。
BODY	她把那本旧书收藏进柜子里。
BODY	他把网址写在纸上，交给了负责维护系统的同事。
BODY	公众号是课程案例中的一个字段，并不是广告。
BODY	他说备用网址应该由运维团队统一维护。
BODY	手机用户的比例在这份调查报告中明显上升。
BODY	最快更新的是缓存中的状态字段。
BODY	无弹窗设计是这款应用的一个需求。
BODY	搜索书名并不能说明这句话是推广内容。
BODY	“请记住本站的位置，”导游指着地图说道。
BODY	她关注公众号的研究对象是媒体传播。
BODY	推荐票只是比赛中的一种计分票据。
BODY	下载应用程序后，他开始调试离线功能。
BODY	官方站点的域名由公司法务审核。
BODY	这家书店没有广告，只卖旧书。
BODY	他们讨论了广告行业的商业模式。
BODY	网络地址被写进了技术文档。
BODY	第二卷 北境
BODY	第三回 夜雨
BODY	第二十节 重逢
BODY	終章
BODY	尾聲
BODY	後記
BODY	他在章节末尾写下了自己的感想。
BODY	她收藏了很多旧照片和信件。
BODY	这句话重复出现，是角色的口头禅。
BODY	“再见。”他说。“再见。”她也回答。
BODY	窗外的雨一遍又一遍敲打屋檐。
BODY	WWW 是万维网的英文缩写。
BODY	HTTP 协议在教材里被反复提及。
BODY	example.com 被用作标准文档中的示例域名。
BODY	他打开浏览器输入 https://example.com 学习网络协议。
BODY	备用网址这个词出现在测试用例名称中。
